{
  "ExtendedData": {
    "inputs": [
      "http://amootsms.com/webservice2.asmx"
    ],
    "collectionTypes": [
      "System.Array",
      "System.Collections.Generic.Dictionary`2"
    ],
    "namespaceMappings": [
      "*, MyAmootSms"
    ],
    "references": [
      "log4net, {log4net, 2.0.13}",
      "MicroKnights.Log4NetAdoNetAppender, {MicroKnights.Log4NetAdoNetAppender, 2.2.0}",
      "Microsoft.Data.SqlClient, {Microsoft.Data.SqlClient, 1.1.3}",
      "Microsoft.Extensions.Configuration, {Microsoft.Extensions.Configuration, 6.0.0}",
      "Microsoft.Extensions.Configuration.Abstractions, {Microsoft.Extensions.Configuration.Abstractions, 6.0.0}",
      "Microsoft.Extensions.Configuration.Binder, {Microsoft.Extensions.Configuration.Binder, 6.0.0}",
      "Microsoft.Extensions.Configuration.FileExtensions, {Microsoft.Extensions.Configuration.FileExtensions, 3.1.6}",
      "Microsoft.Extensions.Configuration.Json, {Microsoft.Extensions.Configuration.Json, 3.1.6}",
      "Microsoft.Extensions.DependencyInjection, {Microsoft.Extensions.DependencyInjection, 6.0.0}",
      "Microsoft.Extensions.DependencyInjection.Abstractions, {Microsoft.Extensions.DependencyInjection.Abstractions, 6.0.0}",
      "Microsoft.Extensions.FileProviders.Abstractions, {Microsoft.Extensions.FileProviders.Abstractions, 3.1.6}",
      "Microsoft.Extensions.FileProviders.Physical, {Microsoft.Extensions.FileProviders.Physical, 3.1.6}",
      "Microsoft.Extensions.FileSystemGlobbing, {Microsoft.Extensions.FileSystemGlobbing, 3.1.6}",
      "Microsoft.Extensions.Logging, {Microsoft.Extensions.Logging, 6.0.0}",
      "Microsoft.Extensions.Logging.Abstractions, {Microsoft.Extensions.Logging.Abstractions, 6.0.0}",
      "Microsoft.Extensions.Logging.Log4Net.AspNetCore, {Microsoft.Extensions.Logging.Log4Net.AspNetCore, 6.1.0}",
      "Microsoft.Extensions.Options, {Microsoft.Extensions.Options, 6.0.0}",
      "Microsoft.Extensions.Primitives, {Microsoft.Extensions.Primitives, 6.0.0}",
      "Microsoft.IdentityModel.JsonWebTokens, {Microsoft.IdentityModel.JsonWebTokens, 5.5.0}",
      "Microsoft.IdentityModel.Logging, {Microsoft.IdentityModel.Logging, 5.5.0}",
      "Microsoft.IdentityModel.Protocols, {Microsoft.IdentityModel.Protocols, 5.5.0}",
      "Microsoft.IdentityModel.Protocols.OpenIdConnect, {Microsoft.IdentityModel.Protocols.OpenIdConnect, 5.5.0}",
      "Microsoft.IdentityModel.Tokens, {Microsoft.IdentityModel.Tokens, 5.5.0}",
      "Microsoft.OpenApi, {Microsoft.OpenApi, 1.2.3}",
      "Newtonsoft.Json, {Newtonsoft.Json, 10.0.1}",
      "Swashbuckle.AspNetCore.Swagger, {Swashbuckle.AspNetCore.Swagger, 6.2.3}",
      "Swashbuckle.AspNetCore.SwaggerGen, {Swashbuckle.AspNetCore.SwaggerGen, 6.2.3}",
      "Swashbuckle.AspNetCore.SwaggerUI, {Swashbuckle.AspNetCore.SwaggerUI, 6.2.3}",
      "System.Collections, {System.Collections, 4.3.0}",
      "System.Collections.NonGeneric, {System.Collections.NonGeneric, 4.3.0}",
      "System.ComponentModel, {System.ComponentModel, 4.3.0}",
      "System.ComponentModel.Primitives, {System.ComponentModel.Primitives, 4.3.0}",
      "System.ComponentModel.TypeConverter, {System.ComponentModel.TypeConverter, 4.3.0}",
      "System.Configuration.ConfigurationManager, {System.Configuration.ConfigurationManager, 4.5.0}",
      "System.Diagnostics.Debug, {System.Diagnostics.Debug, 4.3.0}",
      "System.Diagnostics.DiagnosticSource, {System.Diagnostics.DiagnosticSource, 6.0.0}",
      "System.Dynamic.Runtime, {System.Dynamic.Runtime, 4.3.0}",
      "System.Globalization, {System.Globalization, 4.3.0}",
      "System.IdentityModel.Tokens.Jwt, {System.IdentityModel.Tokens.Jwt, 5.5.0}",
      "System.IO, {System.IO, 4.3.0}",
      "System.Linq, {System.Linq, 4.3.0}",
      "System.Linq.Expressions, {System.Linq.Expressions, 4.3.0}",
      "System.ObjectModel, {System.ObjectModel, 4.3.0}",
      "System.Reflection, {System.Reflection, 4.3.0}",
      "System.Reflection.Extensions, {System.Reflection.Extensions, 4.3.0}",
      "System.Reflection.Primitives, {System.Reflection.Primitives, 4.3.0}",
      "System.Resources.ResourceManager, {System.Resources.ResourceManager, 4.3.0}",
      "System.Runtime, {System.Runtime, 4.3.0}",
      "System.Runtime.CompilerServices.Unsafe, {System.Runtime.CompilerServices.Unsafe, 6.0.0}",
      "System.Runtime.Extensions, {System.Runtime.Extensions, 4.3.0}",
      "System.Runtime.Numerics, {System.Runtime.Numerics, 4.3.0}",
      "System.Runtime.Serialization.Formatters, {System.Runtime.Serialization.Formatters, 4.3.0}",
      "System.Runtime.Serialization.Primitives, {System.Runtime.Serialization.Primitives, 4.3.0}",
      "System.Security.AccessControl, {System.Security.AccessControl, 4.5.0}",
      "System.Security.Cryptography.Cng, {System.Security.Cryptography.Cng, 4.5.0}",
      "System.Security.Permissions, {System.Security.Permissions, 4.5.0}",
      "System.Security.Principal.Windows, {System.Security.Principal.Windows, 4.5.0}",
      "System.Text.Encoding, {System.Text.Encoding, 4.3.0}",
      "System.Text.Encoding.Extensions, {System.Text.Encoding.Extensions, 4.3.0}",
      "System.Text.RegularExpressions, {System.Text.RegularExpressions, 4.3.0}",
      "System.Threading, {System.Threading, 4.3.0}",
      "System.Threading.Tasks, {System.Threading.Tasks, 4.3.0}",
      "System.Xml.ReaderWriter, {System.Xml.ReaderWriter, 4.3.0}",
      "System.Xml.XDocument, {System.Xml.XDocument, 4.3.0}",
      "System.Xml.XmlDocument, {System.Xml.XmlDocument, 4.3.0}"
    ],
    "targetFramework": "net6.0",
    "typeReuseMode": "All"
  }
}